Category,Brand,Product,Variant,SKU,Price,Old Price,Currency,Weight,Stock,Units,Visible,Featured,Meta title,Meta keywords,Meta description,Annotation,Description,Images,URL,Garancija,Sifra na artikl,Sifra,BrendID,KategorijaID,Kategorija
Компјутерски компоненти/Хард-дискови и SSD,Toshiba,HDD 500GB Toshiba,,SE_38420,589.0,0,1,,0,0,1,0,,,HDD 500GB Toshiba  7200rpm  32MB Cache SATA-3  6.0Gb/s Deskstar  DT01ACA050,,<div class="tab-content" id="tab-description" itemprop="description">HDD 500GB Toshiba<br> 7200rpm<br> 32MB Cache SATA-3<br> 6.0Gb/s Deskstar<br> DT01ACA050 </div>,38420_0-1000x1000.jpg,HDD-500GB-Toshiba, 690,SE_38420,SE_38420,63,kategorijaID,HardDisk
Компјутерски компоненти/Хард-дискови и SSD,Kingston,Kingston SSD Installation Kit,,SE_26626,669.0,0,1,,105,0,1,0,,,Kingston SSD Installation Kit  SNA-B,,<div class="tab-content" id="tab-description" itemprop="description">Kingston SSD Installation Kit<br> SNA-B </div>,26626_0-1000x1000.jpg,Kingston-SSD-Installation-Kit, 30,SE_26626,SE_26626,34,kategorijaID,HardDisk
Компјутерски компоненти/Хард-дискови и SSD,XXX,A-Data 120GB SSD,,SE_50442,779.0,0,1,,12,0,1,0,,,A-Data 120GB SSD  SU650 SATA 6Gb/s M.2 2280 Solid State Drive  R/W speed up to 550/510MB/s  ASU650NS38-120GT-C,,<div class="tab-content" id="tab-description" itemprop="description">A-Data 120GB SSD<br> SU650 SATA 6Gb/s M.2 2280 Solid State Drive<br> R/W speed up to 550/510MB/s<br> ASU650NS38-120GT-C </div>,50442_0-1000x1000.jpg,A-Data-120GB-SSD,1740,SE_50442,SE_50442,70,kategorijaID,HardDisk
Компјутерски компоненти/Хард-дискови и SSD,AFOX,AFOX 120GB SATA SSD,,SE_54431,829.0,0,1,,125,0,1,0,,,AFOX 120GB SATA SSD  Form factor: 2.5"  Interface: SATA III (6Gb/s)  Reading speed 510 MB/s  Writing speed 430 MB/s  3D TLC w/o  SD250-120GN,,<div class="tab-content" id="tab-description" itemprop="description">AFOX 120GB SATA SSD<br> Form factor: 2.5"<br> Interface: SATA III (6Gb/s)<br> Reading speed - 510 MB/s<br> Writing speed - 430 MB/s<br> 3D TLC w/o<br> SD250-120GN </div>,54431_0-1000x1000.jpg,AFOX-120GB-SATA-SSD, 720,SE_54431,SE_54431,3,kategorijaID,HardDisk
Компјутерски компоненти/Хард-дискови и SSD,XXX,ADATA 120GB SSD,,SE_48358,859.0,0,1,,34,0,1,0,,,ADATA 120GB SSD  SU650 SATA 6Gb/s 2.5" Solid State Drive  R/W speed up to 520/450MB/s  ASU650SS-120GT-R,,<div class="tab-content" id="tab-description" itemprop="description">ADATA 120GB SSD<br> SU650 SATA 6Gb/s 2.5" Solid State Drive<br> R/W speed up to 520/450MB/s<br> ASU650SS-120GT-R </div>,48358_0-1000x1000.jpg,ADATA-120GB-SSD,1050,SE_48358,SE_48358,70,kategorijaID,HardDisk
Компјутерски компоненти/Хард-дискови и SSD,Kingston,Kingston 120GB,,SE_48080,979.0,0,1,,15,0,1,0,,,Kingston 120GB  form factor: M.2 2280  Interface SATA Rev. 3.0 (6Gb/s) – with backwards compatibility to SATA Rev. 2.0 (3Gb/s)  up to 500MB/s read  up to 320MB/s write  SA400M8/120G,,<div class="tab-content" id="tab-description" itemprop="description">Kingston 120GB<br> form factor: M.2 2280<br> Interface SATA Rev. 3.0 (6Gb/s) – with backwards compatibility to SATA Rev. 2.0 (3Gb/s)<br> up to 500MB/s read<br> up to 320MB/s write<br> SA400M8/120G </div>,48080_0-1000x1000.jpg,Kingston-120GB, 720,SE_48080,SE_48080,34,kategorijaID,HardDisk
Компјутерски компоненти/Хард-дискови и SSD,XXX,ADATA 240GB SSD,,SE_48355,979.0,0,1,,123,0,1,0,,,ADATA 240GB SSD  SU630 SATA 6Gb/s 2.5" Solid State Drive  R/W speed up to 520/450MB/s  ASU630SS-240GQ-R,,<div class="tab-content" id="tab-description" itemprop="description">ADATA 240GB SSD<br> SU630 SATA 6Gb/s 2.5" Solid State Drive<br> R/W speed up to 520/450MB/s<br> ASU630SS-240GQ-R </div>,48355_0-1000x1000.jpg,ADATA-240GB-SSD,1050,SE_48355,SE_48355,70,kategorijaID,HardDisk
Компјутерски компоненти/Хард-дискови и SSD,Toshiba,SanDisk X600 SSD M.2 2280 SATA3 128GB SD9SN8W-128G,,SE_48734,979.0,0,1,,1,0,1,0,,,SanDisk X600 SSD M.2 2280 SATA3 128GB SD9SN8W-128G,,<div class="tab-content" id="tab-description" itemprop="description">SanDisk X600 SSD M.2 2280 SATA3 128GB SD9SN8W-128G </div>,48734_0-1000x1000.jpg,SanDisk-X600-SSD-M.2-2280-SATA3-128GB-SD9SN8W-128G, 180,SE_48734,SE_48734,63,kategorijaID,HardDisk
Компјутерски компоненти/Хард-дискови и SSD,TeamGroup,TeamGroup 60GB LS Evo SSD,,SE_45804,979.0,0,1,,2,0,1,0,,,TeamGroup 60GB LS Evo SSD  2 5" SATA III  Speed: Up to 460MB/s Max ; Write: 200MB/s,,<div class="tab-content" id="tab-description" itemprop="description">TeamGroup 60GB LS Evo SSD<br> 2<br>5" SATA III<br> Speed: Up to 460MB/s Max ; Write: 200MB/s </div>,45804_0-1000x1000.jpg,TeamGroup-60GB-LS-Evo-SSD, 720,SE_45804,SE_45804,61,kategorijaID,HardDisk
Компјутерски компоненти/Хард-дискови и SSD,AFOX,AFOX 240GB SATA SSD,,SE_54432,1029.0,0,1,,128,0,1,0,,,AFOX 240GB SATA SSD  Form factor: 2.5"  Interface: SATA III (6Gb/s)  Reading speed 560 MB/s  Writing speed 520 MB/s  3D TLC w/o  SD250-240GN,,<div class="tab-content" id="tab-description" itemprop="description">AFOX 240GB SATA SSD<br> Form factor: 2.5"<br> Interface: SATA III (6Gb/s)<br> Reading speed - 560 MB/s<br> Writing speed - 520 MB/s<br> 3D TLC w/o<br> SD250-240GN </div>,54432_0-1000x1000.jpg,AFOX-240GB-SATA-SSD, 720,SE_54432,SE_54432,3,kategorijaID,HardDisk
Компјутерски компоненти/Хард-дискови и SSD,Kingston,Kingston 120GB A400 SSD SATA3,,SE_45290,1069.0,0,1,,136,0,1,0,,,Kingston 120GB A400 SSD SATA3  Form factor: 2 5"  Data Transfer: up to 500MB/s Read and 320MB/s Write  Dimensions: 100.0mm x 69.9mm x 7.0mm  Weight: 41g  SA400S37/120G,,<div class="tab-content" id="tab-description" itemprop="description">Kingston 120GB A400 SSD SATA3<br> Form factor: 2<br>5"<br> Data Transfer: up to 500MB/s Read and 320MB/s Write<br> Dimensions: 100.0mm x 69.9mm x 7.0mm<br> Weight: 41g<br> SA400S37/120G </div>,45290_0-1000x1000.jpg,Kingston-120GB-A400-SSD-SATA3, 720,SE_45290,SE_45290,34,kategorijaID,HardDisk
Компјутерски компоненти/Хард-дискови и SSD,XXX,A-Data 240GB SSD,,SE_50400,1069.0,0,1,,25,0,1,0,,,A-Data 240GB SSD  SU650 SATA 6Gb/s M.2 2280 Solid State Drive  R/W speed up to 550/510MB/s  ASU650NS38-240GT-C,,<div class="tab-content" id="tab-description" itemprop="description">A-Data 240GB SSD<br> SU650 SATA 6Gb/s M.2 2280 Solid State Drive<br> R/W speed up to 550/510MB/s<br> ASU650NS38-240GT-C </div>,50400_0-1000x1000.jpg,A-Data-240GB-SSD,1740,SE_50400,SE_50400,70,kategorijaID,HardDisk
Компјутерски компоненти/Хард-дискови и SSD,Kingston,Kingston 240GB A400 SSD SATA3,,SE_45291,1169.0,0,1,,136,0,1,0,,,Kingston 240GB A400 SSD SATA3  Form factor: 2 5"  Data Transfer: up to 500MB/s Read and 350MB/s Write  Dimensions: 100.0mm x 69.9mm x 7.0mm  Weight: 41g  SA400S37/240G,,<div class="tab-content" id="tab-description" itemprop="description">Kingston 240GB A400 SSD SATA3<br> Form factor: 2<br>5"<br> Data Transfer: up to 500MB/s Read and 350MB/s Write<br> Dimensions: 100.0mm x 69.9mm x 7.0mm<br> Weight: 41g<br> SA400S37/240G </div>,45291_0-1000x1000.jpg,Kingston-240GB-A400-SSD-SATA3, 720,SE_45291,SE_45291,34,kategorijaID,HardDisk
Компјутерски компоненти/Хард-дискови и SSD,XXX,ADATA LEGEND 710 256GB PCIe Gen3 x4 M.2 2280 Solid State Drive,,SE_55840,1179.0,0,1,,110,0,1,0,,,ADATA LEGEND 710 256GB PCIe Gen3 x4 M.2 2280 Solid State Drive  Sequential Read (Max) Up to 2 400MB/s*  Sequential Write (Max) Up to 1 800MB/s*  4KB Random Read IOPS(Max) Up to 200K*  MTBF 1 500 000 hours  Terabytes Written (TBW) 520TB**  ALEG-710-256GCS,,<div class="tab-content" id="tab-description" itemprop="description">ADATA LEGEND 710 256GB PCIe Gen3 x4 M.2 2280 Solid State Drive<br> Sequential Read (Max) Up to 2<br>400MB/s*<br> Sequential Write (Max) Up to 1<br>800MB/s*<br> 4KB Random Read IOPS(Max) Up to 200K*<br> MTBF 1<br>500<br>000 hours<br> Terabytes Written (TBW) 520TB**<br> ALEG-710-256GCS </div>,55840_0-1000x1000.jpg,ADATA-LEGEND-710-256GB-PCIe-Gen3-x4-M.2-2280-Solid-State-Drive,1050,SE_55840,SE_55840,70,kategorijaID,HardDisk
Компјутерски компоненти/Хард-дискови и SSD,XXX,A-Data 128GB SSD,,SE_48347,1369.0,0,1,,8,0,1,0,,,A-Data 128GB SSD  XPG SX6000 Lite PCIe Gen3x4 M.2 2280 Solid State Drive  PCIe NVMe 1.3 interface  R/W speed up to 1800/1200MB/s  ASX6000LNP-128GT-C,,<div class="tab-content" id="tab-description" itemprop="description">A-Data 128GB SSD<br> XPG SX6000 Lite PCIe Gen3x4 M.2 2280 Solid State Drive<br> PCIe NVMe 1.3 interface<br> R/W speed up to 1800/1200MB/s<br> ASX6000LNP-128GT-C </div>,48347_0-1000x1000.jpg,A-Data-128GB-SSD,1740,SE_48347,SE_48347,70,kategorijaID,HardDisk
Компјутерски компоненти/Хард-дискови и SSD,XXX,ADATA Swordfish 250GB 3D NAND,,SE_49644,1469.0,0,1,,13,0,1,0,,,ADATA Swordfish 250GB 3D NAND  PCIe Gen3x4  NVMe M.2 2280  Read/Write up to 1800/1200MB/s  Internal  ASWORDFISH-250G-C,,<div class="tab-content" id="tab-description" itemprop="description">ADATA Swordfish 250GB 3D NAND<br> PCIe Gen3x4<br> NVMe M.2 2280<br> Read/Write up to 1800/1200MB/s<br> Internal<br> ASWORDFISH-250G-C </div>,49644_0-1000x1000.jpg,ADATA-Swordfish-250GB-3D-NAND,1050,SE_49644,SE_49644,70,kategorijaID,HardDisk
Компјутерски компоненти/Хард-дискови и SSD,XXX,A-Data 128GB SSD,,SE_48353,1469.0,0,1,,6,0,1,0,,,A-Data 128GB SSD  SU800 SATA 6Gb/s M.2 2280 Solid State Drive  R/W speed up to 560/520MB/s  ASU800NS38-128GT-C,,<div class="tab-content" id="tab-description" itemprop="description">A-Data 128GB SSD<br> SU800 SATA 6Gb/s M.2 2280 Solid State Drive<br> R/W speed up to 560/520MB/s<br> ASU800NS38-128GT-C </div>,48353_0-1000x1000.jpg,A-Data-128GB-SSD,1050,SE_48353,SE_48353,70,kategorijaID,HardDisk
Компјутерски компоненти/Хард-дискови и SSD,Kingston,Kingston 250GB NV2 NVMe PCIe SSD,,SE_53925,1469.0,0,1,,127,0,1,0,,,Kingston 250GB NV2 NVMe PCIe SSD  read/write speeds up to 3.500/1.300MB/s  M.2 connector  PCIe 4.0 x4 NVMe Interface  M.2 2280 Form Factor  SNV2S/250G,,<div class="tab-content" id="tab-description" itemprop="description">Kingston 250GB NV2 NVMe PCIe SSD<br> read/write speeds up to 3.500/1.300MB/s<br> M.2 connector<br> PCIe 4.0 x4 NVMe Interface<br> M.2 2280 Form Factor<br> SNV2S/250G </div>,53925_0-1000x1000.jpg,Kingston-250GB-NV2-NVMe-PCIe-SSD, 720,SE_53925,SE_53925,34,kategorijaID,HardDisk
Компјутерски компоненти/Хард-дискови и SSD,XXX,A-Data 480GB SSD,,SE_50401,1559.0,0,1,,16,0,1,0,,,A-Data 480GB SSD  SU650 SATA 6Gb/s M.2 2280 Solid State Drive  R/W speed up to 550/510MB/s  ASU650NS38-480GT-C,,<div class="tab-content" id="tab-description" itemprop="description">A-Data 480GB SSD<br> SU650 SATA 6Gb/s M.2 2280 Solid State Drive<br> R/W speed up to 550/510MB/s<br> ASU650NS38-480GT-C </div>,50401_0-1000x1000.jpg,A-Data-480GB-SSD,1740,SE_50401,SE_50401,70,kategorijaID,HardDisk
Компјутерски компоненти/Хард-дискови и SSD,Kingston,Kingston 240GB,,SE_48081,1559.0,0,1,,17,0,1,0,,,Kingston 240GB  form factor: M.2 2280  Interface SATA Rev. 3.0 (6Gb/s) – with backwards compatibility to SATA Rev. 2.0 (3Gb/s)  up to 500MB/s read  up to 350MB/s write  SA400M8/240G,,<div class="tab-content" id="tab-description" itemprop="description">Kingston 240GB<br> form factor: M.2 2280<br> Interface SATA Rev. 3.0 (6Gb/s) – with backwards compatibility to SATA Rev. 2.0 (3Gb/s)<br> up to 500MB/s read<br> up to 350MB/s write<br> SA400M8/240G </div>,48081_0-1000x1000.jpg,Kingston-240GB, 720,SE_48081,SE_48081,34,kategorijaID,HardDisk
Компјутерски компоненти/Хард-дискови и SSD,XXX,ADATA LEGEND 710 512GB PCIe Gen3 x4 M.2 2280 Solid State Drive,,SE_55841,1569.0,0,1,,110,0,1,0,,,ADATA LEGEND 710 512GB PCIe Gen3 x4 M.2 2280 Solid State Drive  Sequential Read (Max) Up to 2 400MB/s*  Sequential Write (Max) Up to 1 800MB/s*  4KB Random Read IOPS(Max) Up to 200K*  MTBF 1 500 000 hours  Terabytes Written (TBW) 520TB**  ALEG-710-512GCS,,<div class="tab-content" id="tab-description" itemprop="description">ADATA LEGEND 710 512GB PCIe Gen3 x4 M.2 2280 Solid State Drive<br> Sequential Read (Max) Up to 2<br>400MB/s*<br> Sequential Write (Max) Up to 1<br>800MB/s*<br> 4KB Random Read IOPS(Max) Up to 200K*<br> MTBF 1<br>500<br>000 hours<br> Terabytes Written (TBW) 520TB**<br> ALEG-710-512GCS </div>,55841_0-1000x1000.jpg,ADATA-LEGEND-710-512GB-PCIe-Gen3-x4-M.2-2280-Solid-State-Drive,1050,SE_55841,SE_55841,70,kategorijaID,HardDisk
Компјутерски компоненти/Хард-дискови и SSD,Kingston,Kingston 250GB NV1 NVMe PCIe SSD read / write,,SE_51871,1619.0,0,1,,17,0,1,0,,,Kingston 250GB NV1 NVMe PCIe SSD read/write  speeds up to 2 100/1 700MB/s  M.2 connector  SNVS/250G,,<div class="tab-content" id="tab-description" itemprop="description">Kingston 250GB NV1 NVMe PCIe SSD read/write<br> speeds up to 2<br>100/1<br>700MB/s<br> M.2 connector<br> SNVS/250G </div>,51871_0-1000x1000.jpg,Kingston-250GB-NV1-NVMe-PCIe-SSD-read-/-write, 720,SE_51871,SE_51871,34,kategorijaID,HardDisk
Компјутерски компоненти/Хард-дискови и SSD,AFOX,AFOX 480GB SATA SSD,,SE_54977,1659.0,0,1,,136,0,1,0,,,AFOX 480GB SATA SSD  Form factor: 2.5"  Interface: SATA III (6Gb/s)  Reading speed 560 MB/s  Writing speed 520 MB/s  3D TLC w/o  SD250-480GN,,<div class="tab-content" id="tab-description" itemprop="description">AFOX 480GB SATA SSD<br> Form factor: 2.5"<br> Interface: SATA III (6Gb/s)<br> Reading speed - 560 MB/s<br> Writing speed - 520 MB/s<br> 3D TLC w/o<br> SD250-480GN </div>,54977_0-1000x1000.jpg,AFOX-480GB-SATA-SSD, 720,SE_54977,SE_54977,3,kategorijaID,HardDisk
Компјутерски компоненти/Хард-дискови и SSD,XXX,ADATA 480GB SSD,,SE_48356,1669.0,0,1,,135,0,1,0,,,ADATA 480GB SSD  SU630 SATA 6Gb/s 2.5" Solid State Drive  R/W speed up to 520/450MB/s  ASU630SS-480GQ-R,,<div class="tab-content" id="tab-description" itemprop="description">ADATA 480GB SSD<br> SU630 SATA 6Gb/s 2.5" Solid State Drive<br> R/W speed up to 520/450MB/s<br> ASU630SS-480GQ-R </div>,48356_0-1000x1000.jpg,ADATA-480GB-SSD,1050,SE_48356,SE_48356,70,kategorijaID,HardDisk
Компјутерски компоненти/Хард-дискови и SSD,Kingston,Kingston 480GB A400 SSD SATA3,,SE_45292,1709.0,0,1,,133,0,1,0,,,Kingston 480GB A400 SSD SATA3  Form factor: 2 5"  Data Transfer: up to 500MB/s Read and 450MB/s Write  Dimensions: 100.0mm x 69.9mm x 7.0mm  Weight: 41g  SA400S37/480G,,<div class="tab-content" id="tab-description" itemprop="description">Kingston 480GB A400 SSD SATA3<br> Form factor: 2<br>5"<br> Data Transfer: up to 500MB/s Read and 450MB/s Write<br> Dimensions: 100.0mm x 69.9mm x 7.0mm<br> Weight: 41g<br> SA400S37/480G </div>,45292_0-1000x1000.jpg,Kingston-480GB-A400-SSD-SATA3, 720,SE_45292,SE_45292,34,kategorijaID,HardDisk
Компјутерски компоненти/Хард-дискови и SSD,XXX,A-Data 256GB SSD,,SE_48348,1859.0,0,1,,8,0,1,0,,,A-Data 256GB SSD  XPG SX6000 Lite PCIe Gen3x4 M.2 2280 Solid State Drive  PCIe NVMe 1.3 interface  R/W speed up to 1800/1200MB/s  ASX6000LNP-256GT-C,,<div class="tab-content" id="tab-description" itemprop="description">A-Data 256GB SSD<br> XPG SX6000 Lite PCIe Gen3x4 M.2 2280 Solid State Drive<br> PCIe NVMe 1.3 interface<br> R/W speed up to 1800/1200MB/s<br> ASX6000LNP-256GT-C </div>,48348_0-1000x1000.jpg,A-Data-256GB-SSD,1740,SE_48348,SE_48348,70,kategorijaID,HardDisk
Компјутерски компоненти/Хард-дискови и SSD,XXX,ADATA LEGEND 800 500GB PCIe Gen3 x4 M.2 2280 Solid State Drive,,SE_55842,1909.0,0,1,,107,0,1,0,,,ADATA LEGEND 800 500GB PCIe Gen3 x4 M.2 2280 Solid State Drive  Sequential Read (Max) Up to 3 500MB/s*  Sequential Write (Max) Up to 2 800MB/s*  MTBF 1 500 000 hours  Terabytes Written (TBW) 1200TB**  ALEG-800-500GCS,,<div class="tab-content" id="tab-description" itemprop="description">ADATA LEGEND 800 500GB PCIe Gen3 x4 M.2 2280 Solid State Drive<br> Sequential Read (Max) Up to 3<br>500MB/s*<br> Sequential Write (Max) Up to 2<br>800MB/s*<br> MTBF 1<br>500<br>000 hours<br> Terabytes Written (TBW) 1200TB**<br> ALEG-800-500GCS </div>,55842_0-1000x1000.jpg,ADATA-LEGEND-800-500GB-PCIe-Gen3-x4-M.2-2280-Solid-State-Drive,1050,SE_55842,SE_55842,70,kategorijaID,HardDisk
Компјутерски компоненти/Хард-дискови и SSD,XXX,A-Data 256GB SSD,,SE_52235,2009.0,0,1,,12,0,1,0,,,A-Data 256GB SSD  SU750 SATA 6Gb/s 2.5" Solid State Drive  High Endurance 200TB TBW  R/W speed up to 550/520MB/s  ASU750SS-256GT-C,,<div class="tab-content" id="tab-description" itemprop="description">A-Data 256GB SSD<br> SU750 SATA 6Gb/s 2.5" Solid State Drive<br> High Endurance 200TB TBW<br> R/W speed up to 550/520MB/s<br> ASU750SS-256GT-C </div>,52235_0-1000x1000.jpg,A-Data-256GB-SSD,1050,SE_52235,SE_52235,70,kategorijaID,HardDisk
Компјутерски компоненти/Хард-дискови и SSD,XXX,A-Data 256GB SSD,,SE_48354,2059.0,0,1,,13,0,1,0,,,A-Data 256GB SSD  SU800 SATA 6Gb/s M.2 2280 Solid State Drive  R/W speed up to 560/520MB/s  ASU800NS38-256GT-C,,<div class="tab-content" id="tab-description" itemprop="description">A-Data 256GB SSD<br> SU800 SATA 6Gb/s M.2 2280 Solid State Drive<br> R/W speed up to 560/520MB/s<br> ASU800NS38-256GT-C </div>,48354_0-1000x1000.jpg,A-Data-256GB-SSD,1050,SE_48354,SE_48354,70,kategorijaID,HardDisk
Компјутерски компоненти/Хард-дискови и SSD,Kingston,Kingston 500GB NV2 NVMe PCIe SSD,,SE_53926,2159.0,0,1,,119,0,1,0,,,Kingston 500GB NV2 NVMe PCIe SSD  read/write speeds up to 3.500/2.100MB/s  M.2 connector  PCIe 4.0 x4 NVMe Interface  M.2 2280 Form Factor  SNV2S/500G,,<div class="tab-content" id="tab-description" itemprop="description">Kingston 500GB NV2 NVMe PCIe SSD<br> read/write speeds up to 3.500/2.100MB/s<br> M.2 connector<br> PCIe 4.0 x4 NVMe Interface<br> M.2 2280 Form Factor<br> SNV2S/500G </div>,53926_0-1000x1000.jpg,Kingston-500GB-NV2-NVMe-PCIe-SSD, 720,SE_53926,SE_53926,34,kategorijaID,HardDisk
Компјутерски компоненти/Хард-дискови и SSD,Toshiba,HDD 1TB Toshiba P300 7200rpm,,SE_47346,2239.0,0,1,,129,0,1,0,,,HDD 1TB Toshiba P300 7200rpm  64MB Cache SATA-3  6.0Gb/s  HDWD110UZSVA,,<div class="tab-content" id="tab-description" itemprop="description">HDD 1TB Toshiba P300 7200rpm<br> 64MB Cache SATA-3<br> 6.0Gb/s<br> HDWD110UZSVA </div>,47346_0-1000x1000.jpg,HDD-1TB-Toshiba-P300-7200rpm, 690,SE_47346,SE_47346,63,kategorijaID,HardDisk
Компјутерски компоненти/Хард-дискови и SSD,Kingston,Kingston 256GB KC600 SATA 3 2.5" SSD,,SE_48679,2249.0,0,1,,126,0,1,0,,,Kingston 256GB KC600 SATA 3 2.5" SSD  Hardware-based self-encrypting drive with 3D TLC NAND  up to up to 550/500MB/s  SKC600/256G,,<div class="tab-content" id="tab-description" itemprop="description">Kingston 256GB KC600 SATA 3 2.5" SSD<br> Hardware-based self-encrypting drive with 3D TLC NAND<br> up to up to 550/500MB/s<br> SKC600/256G </div>,48679_0-1000x1000.jpg,Kingston-256GB-KC600-SATA-3-2.5"-SSD, 720,SE_48679,SE_48679,34,kategorijaID,HardDisk
Компјутерски компоненти/Хард-дискови и SSD,Kingston,Kingston 500GB NV1 NVMe PCIe SSD read / write,,SE_50639,2249.0,0,1,,7,0,1,0,,,Kingston 500GB NV1 NVMe PCIe SSD read/write  speeds up to 2 100/1 700MB/s  M.2 connector  SNVS/500G,,<div class="tab-content" id="tab-description" itemprop="description">Kingston 500GB NV1 NVMe PCIe SSD read/write<br> speeds up to 2<br>100/1<br>700MB/s<br> M.2 connector<br> SNVS/500G </div>,50639_0-1000x1000.jpg,Kingston-500GB-NV1-NVMe-PCIe-SSD-read-/-write, 720,SE_50639,SE_50639,34,kategorijaID,HardDisk
Компјутерски компоненти/Хард-дискови и SSD,XXX,A-Data 256GB SSD,,SE_48350,2349.0,0,1,,4,0,1,0,,,A-Data 256GB SSD  XPG SX8200 Pro PCIe Gen3x4 M.2 2280 Solid State Drive  R/W speed up to 3500/3000MB/s  ASX8200PNP-256GT-C,,<div class="tab-content" id="tab-description" itemprop="description">A-Data 256GB SSD<br> XPG SX8200 Pro PCIe Gen3x4 M.2 2280 Solid State Drive<br> R/W speed up to 3500/3000MB/s<br> ASX8200PNP-256GT-C </div>,48350_0-1000x1000.jpg,A-Data-256GB-SSD,1740,SE_48350,SE_48350,70,kategorijaID,HardDisk
Компјутерски компоненти/Хард-дискови и SSD,XXX,ADATA Falcon 512GB 3D NAND,,SE_49648,2449.0,0,1,,1,0,1,0,,,ADATA Falcon 512GB 3D NAND  PCIe Gen3x4 NVMe M.2 2280  Read/Write Speed up to 3100/1500 MB/s  Internal  AFALCON-512G-C,,<div class="tab-content" id="tab-description" itemprop="description">ADATA Falcon 512GB 3D NAND<br> PCIe Gen3x4 NVMe M.2 2280<br> Read/Write Speed up to 3100/1500 MB/s<br> Internal<br> AFALCON-512G-C </div>,49648_0-1000x1000.jpg,ADATA-Falcon-512GB-3D-NAND,1050,SE_49648,SE_49648,70,kategorijaID,HardDisk
Компјутерски компоненти/Хард-дискови и SSD,XXX,ADATA Swordfish 500GB 3D NAND,,SE_49645,2449.0,0,1,,6,0,1,0,,,ADATA Swordfish 500GB 3D NAND  PCIe Gen3x4  NVMe M.2 2280  Read/Write up to 1800/1200MB/s  Internal  ASWORDFISH-500G-C,,<div class="tab-content" id="tab-description" itemprop="description">ADATA Swordfish 500GB 3D NAND<br> PCIe Gen3x4<br> NVMe M.2 2280<br> Read/Write up to 1800/1200MB/s<br> Internal<br> ASWORDFISH-500G-C </div>,49645_0-1000x1000.jpg,ADATA-Swordfish-500GB-3D-NAND,1050,SE_49645,SE_49645,70,kategorijaID,HardDisk
Компјутерски компоненти/Хард-дискови и SSD,WesternDigital,HDD 1TB WesternDigital,,SE_38227,2449.0,0,1,,115,0,1,0,,,HDD 1TB WesternDigital  7200rpm  64MB Cache SATA-3  6.0Gb/s  Caviar Blue  WD10EZEX,,<div class="tab-content" id="tab-description" itemprop="description">HDD 1TB WesternDigital<br> 7200rpm<br> 64MB Cache SATA-3<br> 6.0Gb/s<br> Caviar Blue<br> WD10EZEX </div>,38227_0-1000x1000.jpg,HDD-1TB-WesternDigital, 720,SE_38227,SE_38227,66,kategorijaID,HardDisk
Компјутерски компоненти/Хард-дискови и SSD,Seagate,HDD 1TB Seagate 7200rpm,,SE_46343,2549.0,0,1,,112,0,1,0,,,HDD 1TB Seagate 7200rpm  64MB Cache  SATA-3  6.0Gb/s Barracuda  ST1000DM010,,<div class="tab-content" id="tab-description" itemprop="description">HDD 1TB Seagate 7200rpm<br> 64MB Cache<br> SATA-3<br> 6.0Gb/s Barracuda<br> ST1000DM010 </div>,46343_0-1000x1000.jpg,HDD-1TB-Seagate-7200rpm, 690,SE_46343,SE_46343,57,kategorijaID,HardDisk
Компјутерски компоненти/Хард-дискови и SSD,Samsung,SAMSUNG 250GB SSD 970 EVO Plus M.2 PCI-E NVMe,,SE_47863,2549.0,0,1,,22,0,1,0,,,SAMSUNG 250GB SSD 970 EVO Plus M.2 PCI-E NVMe  P/N: MZ-V7S250BW,,<div class="tab-content" id="tab-description" itemprop="description">SAMSUNG 250GB SSD 970 EVO Plus M.2 PCI-E NVMe<br> P/N: MZ-V7S250BW </div>,47863_0-1000x1000.jpg,SAMSUNG-250GB-SSD-970-EVO-Plus-M.2-PCI-E-NVMe, 720,SE_47863,SE_47863,55,kategorijaID,HardDisk
Компјутерски компоненти/Хард-дискови и SSD,Samsung,SAMSUNG SSD 870 EVO SATA3 250GB,,SE_51451,2549.0,0,1,,5,0,1,0,,,SAMSUNG SSD 870 EVO SATA3 250GB  P/N: MZ-77E250B/EU,,<div class="tab-content" id="tab-description" itemprop="description">SAMSUNG SSD 870 EVO SATA3 250GB<br> P/N: MZ-77E250B/EU </div>,51451_0-1000x1000.jpg,SAMSUNG-SSD-870-EVO-SATA3-250GB, 720,SE_51451,SE_51451,55,kategorijaID,HardDisk
Компјутерски компоненти/Хард-дискови и SSD,Samsung,SAMSUNG 250GB SSD 980 M.2 Gen3.0x4 NVMe,,SE_51450,2729.0,0,1,,113,0,1,0,,,SAMSUNG 250GB SSD 980 M.2 Gen3.0x4 NVMe  P/N: MZ-V8V250BW,,<div class="tab-content" id="tab-description" itemprop="description">SAMSUNG 250GB SSD 980 M.2 Gen3.0x4 NVMe<br> P/N: MZ-V8V250BW </div>,51450_0-1000x1000.jpg,SAMSUNG-250GB-SSD-980-M.2-Gen3.0x4-NVMe, 720,SE_51450,SE_51450,55,kategorijaID,HardDisk
Компјутерски компоненти/Хард-дискови и SSD,Kingston,Kingston 250GB M.2 PCIe NVMe SSD,,SE_48148,2739.0,0,1,,4,0,1,0,,,Kingston 250GB M.2 PCIe NVMe SSD  3D TLC NAND  Supports a full-security suite (TCG Opal 2.0  AES 256-bit  eDrive)  up to 3 200MB/s read  up to 2 200MB/s  write  SKC2000M8/250G,,<div class="tab-content" id="tab-description" itemprop="description">Kingston 250GB M.2 PCIe NVMe SSD<br> 3D TLC NAND<br> Supports a full-security suite (TCG Opal 2.0<br> AES 256-bit<br> eDrive)<br> up to 3<br>200MB/s read<br> up to 2<br>200MB/s<br> write<br> SKC2000M8/250G </div>,48148_0-1000x1000.jpg,Kingston-250GB-M.2-PCIe-NVMe-SSD, 720,SE_48148,SE_48148,34,kategorijaID,HardDisk
Компјутерски компоненти/Хард-дискови и SSD,XXX,ADATA LEGEND 800 1000GB PCIe Gen3 x4 M.2 2280 Solid State Drive,,SE_55843,2739.0,0,1,,108,0,1,0,,,ADATA LEGEND 800 1000GB PCIe Gen3 x4 M.2 2280 Solid State Drive  Sequential Read (Max) Up to 3 500MB/s*  Sequential Write (Max) Up to 2 800MB/s*  MTBF 1 500 000 hours  Terabytes Written (TBW) 1200TB**  ALEG-800-1000GCS,,<div class="tab-content" id="tab-description" itemprop="description">ADATA LEGEND 800 1000GB PCIe Gen3 x4 M.2 2280 Solid State Drive<br> Sequential Read (Max) Up to 3<br>500MB/s*<br> Sequential Write (Max) Up to 2<br>800MB/s*<br> MTBF 1<br>500<br>000 hours<br> Terabytes Written (TBW) 1200TB**<br> ALEG-800-1000GCS </div>,55843_0-1000x1000.jpg,ADATA-LEGEND-800-1000GB-PCIe-Gen3-x4-M.2-2280-Solid-State-Drive,1050,SE_55843,SE_55843,70,kategorijaID,HardDisk
Компјутерски компоненти/Хард-дискови и SSD,XXX,A-Data 512GB SSD,,SE_48349,2839.0,0,1,,10,0,1,0,,,A-Data 512GB SSD  XPG SX6000 Lite PCIe Gen3x4 M.2 2280 Solid State Drive  PCIe NVMe 1.3 interface  R/W speed up to 1800/1200MB/s  ASX6000LNP-512GT-C,,<div class="tab-content" id="tab-description" itemprop="description">A-Data 512GB SSD<br> XPG SX6000 Lite PCIe Gen3x4 M.2 2280 Solid State Drive<br> PCIe NVMe 1.3 interface<br> R/W speed up to 1800/1200MB/s<br> ASX6000LNP-512GT-C </div>,48349_0-1000x1000.jpg,A-Data-512GB-SSD,1740,SE_48349,SE_48349,70,kategorijaID,HardDisk
Компјутерски компоненти/Хард-дискови и SSD,XXX,A-Data 512GB SSD,,SE_52236,2939.0,0,1,,21,0,1,0,,,A-Data 512GB SSD  SU750 SATA 6Gb/s 2.5" Solid State Drive  High Endurance 400TB TBW  R/W speed up to 550/520MB/s  ASU750SS-512GT-C,,<div class="tab-content" id="tab-description" itemprop="description">A-Data 512GB SSD<br> SU750 SATA 6Gb/s 2.5" Solid State Drive<br> High Endurance 400TB TBW<br> R/W speed up to 550/520MB/s<br> ASU750SS-512GT-C </div>,52236_0-1000x1000.jpg,A-Data-512GB-SSD,1050,SE_52236,SE_52236,70,kategorijaID,HardDisk
Компјутерски компоненти/Хард-дискови и SSD,XXX,ADATA 1TB SSD,,SE_51405,2939.0,0,1,,108,0,1,0,,,ADATA 1TB SSD  S5  PCIe Gen3x4 M.2 2280 Solid State Drive  Up to 4 times faster than SATA : Read/write speeds of up to 2100/1500MB/s  AGAMMIXS5-1TT-C,,<div class="tab-content" id="tab-description" itemprop="description">ADATA 1TB SSD<br> S5<br> PCIe Gen3x4 M.2 2280 Solid State Drive<br> Up to 4 times faster than SATA : Read/write speeds of up to 2100/1500MB/s<br> AGAMMIXS5-1TT-C </div>,51405_0-1000x1000.jpg,ADATA-1TB-SSD,1740,SE_51405,SE_51405,70,kategorijaID,HardDisk
Компјутерски компоненти/Хард-дискови и SSD,XXX,ADATA 500GB SSD,,SE_50603,2939.0,0,1,,12,0,1,0,,,ADATA 500GB SSD  S20  RGB  PCIe Gen3x4 M.2 2280 SSD  Read speed (sequential): 2500 MB/s  Write speed (sequential): 1800 MB/s  ASPECTRIXS20G-500G-C,,<div class="tab-content" id="tab-description" itemprop="description">ADATA 500GB SSD<br> S20<br> RGB<br> PCIe Gen3x4 M.2 2280 SSD<br> Read speed (sequential): 2500 MB/s<br> Write speed (sequential): 1800 MB/s<br> ASPECTRIXS20G-500G-C </div>,50603_0-1000x1000.jpg,ADATA-500GB-SSD,1740,SE_50603,SE_50603,70,kategorijaID,HardDisk
Компјутерски компоненти/Хард-дискови и SSD,XXX,ADATA 960GB SSD,,SE_48357,2939.0,0,1,,111,0,1,0,,,ADATA 960GB SSD  SU630 SATA 6Gb/s 2.5" Solid State Drive  R/W speed up to 520/450MB/s  ASU630SS-960GQ-R,,<div class="tab-content" id="tab-description" itemprop="description">ADATA 960GB SSD<br> SU630 SATA 6Gb/s 2.5" Solid State Drive<br> R/W speed up to 520/450MB/s<br> ASU630SS-960GQ-R </div>,48357_0-1000x1000.jpg,ADATA-960GB-SSD,1050,SE_48357,SE_48357,70,kategorijaID,HardDisk
Компјутерски компоненти/Хард-дискови и SSD,WesternDigital,HDD 1TB WesternDigital,,SE_49882,3039.0,0,1,,6,0,1,0,,,HDD 1TB WesternDigital  I.P. rpm  64MB Cache SATA-3  6.0Gb/s  Purple Surveillance  WD10PURZ,,<div class="tab-content" id="tab-description" itemprop="description">HDD 1TB WesternDigital<br> I.P. rpm<br> 64MB Cache SATA-3<br> 6.0Gb/s<br> Purple Surveillance<br> WD10PURZ </div>,49882_0-1000x1000.jpg,HDD-1TB-WesternDigital, 690,SE_49882,SE_49882,66,kategorijaID,HardDisk
Компјутерски компоненти/Хард-дискови и SSD,Samsung,SAMSUNG SSD 870 EVO SATA3 500GB,,SE_50444,3039.0,0,1,,110,0,1,0,,,SAMSUNG SSD 870 EVO SATA3 500GB  P/N: MZ-77E500B/EU,,<div class="tab-content" id="tab-description" itemprop="description">SAMSUNG SSD 870 EVO SATA3 500GB<br> P/N: MZ-77E500B/EU </div>,50444_0-1000x1000.jpg,SAMSUNG-SSD-870-EVO-SATA3-500GB, 720,SE_50444,SE_50444,55,kategorijaID,HardDisk
Компјутерски компоненти/Хард-дискови и SSD,Samsung,SAMSUNG 500GB SSD 980 M.2 Gen3.0x4 NVMe,,SE_51449,3139.0,0,1,,21,0,1,0,,,SAMSUNG 500GB SSD 980 M.2 Gen3.0x4 NVMe  P/N: MZ-V8V500BW,,<div class="tab-content" id="tab-description" itemprop="description">SAMSUNG 500GB SSD 980 M.2 Gen3.0x4 NVMe<br> P/N: MZ-V8V500BW </div>,51449_0-1000x1000.jpg,SAMSUNG-500GB-SSD-980-M.2-Gen3.0x4-NVMe, 720,SE_51449,SE_51449,55,kategorijaID,HardDisk
Компјутерски компоненти/Хард-дискови и SSD,Toshiba,HDD 2TB Toshiba P300 7200rpm,,SE_47486,3219.0,0,1,,2,0,1,0,,,HDD 2TB Toshiba P300 7200rpm  64MB Cache SATA-3  6.0Gb/s  HDWD120UZSVA,,<div class="tab-content" id="tab-description" itemprop="description">HDD 2TB Toshiba P300 7200rpm<br> 64MB Cache SATA-3<br> 6.0Gb/s<br> HDWD120UZSVA </div>,47486_0-1000x1000.jpg,HDD-2TB-Toshiba-P300-7200rpm, 690,SE_47486,SE_47486,63,kategorijaID,HardDisk
Компјутерски компоненти/Хард-дискови и SSD,Kingston,Kingston 1000GB NV2 NVMe PCIe SSD,,SE_53927,3229.0,0,1,,124,0,1,0,,,Kingston 1000GB NV2 NVMe PCIe SSD  read/write speeds up to 3.500/2.100MB/s  M.2 connector  PCIe 4.0 x4 NVMe Interface  M.2 2280 Form Factor  SNV2S/1000G,,<div class="tab-content" id="tab-description" itemprop="description">Kingston 1000GB NV2 NVMe PCIe SSD<br> read/write speeds up to 3.500/2.100MB/s<br> M.2 connector<br> PCIe 4.0 x4 NVMe Interface<br> M.2 2280 Form Factor<br> SNV2S/1000G </div>,53927_0-1000x1000.jpg,Kingston-1000GB-NV2-NVMe-PCIe-SSD, 720,SE_53927,SE_53927,34,kategorijaID,HardDisk
Компјутерски компоненти/Хард-дискови и SSD,Samsung,SAMSUNG 500GB SSD 970 EVO Plus M.2 PCI-E NVMe,,SE_47864,3229.0,0,1,,111,0,1,0,,,SAMSUNG 500GB SSD 970 EVO Plus M.2 PCI-E NVMe  P/N: MZ-V7S500BW,,<div class="tab-content" id="tab-description" itemprop="description">SAMSUNG 500GB SSD 970 EVO Plus M.2 PCI-E NVMe<br> P/N: MZ-V7S500BW </div>,47864_0-1000x1000.jpg,SAMSUNG-500GB-SSD-970-EVO-Plus-M.2-PCI-E-NVMe, 720,SE_47864,SE_47864,55,kategorijaID,HardDisk
Компјутерски компоненти/Хард-дискови и SSD,XXX,A-Data 512GB SSD,,SE_48351,3529.0,0,1,,2,0,1,0,,,A-Data 512GB SSD  XPG SX8200 Pro PCIe Gen3x4 M.2 2280 Solid State Drive  R/W speed up to 3500/3000MB/s  ASX8200PNP-512GT-C,,<div class="tab-content" id="tab-description" itemprop="description">A-Data 512GB SSD<br> XPG SX8200 Pro PCIe Gen3x4 M.2 2280 Solid State Drive<br> R/W speed up to 3500/3000MB/s<br> ASX8200PNP-512GT-C </div>,48351_0-1000x1000.jpg,A-Data-512GB-SSD,1740,SE_48351,SE_48351,70,kategorijaID,HardDisk
Компјутерски компоненти/Хард-дискови и SSD,XXX,A-Data 512GB SSD,,SE_50402,3529.0,0,1,,10,0,1,0,,,A-Data 512GB SSD  SU800 SATA 6Gb/s M.2 2280 Solid State Drive  R/W speed up to 560/520MB/s  ASU800NS38-512GT-C,,<div class="tab-content" id="tab-description" itemprop="description">A-Data 512GB SSD<br> SU800 SATA 6Gb/s M.2 2280 Solid State Drive<br> R/W speed up to 560/520MB/s<br> ASU800NS38-512GT-C </div>,50402_0-1000x1000.jpg,A-Data-512GB-SSD,1050,SE_50402,SE_50402,70,kategorijaID,HardDisk
Компјутерски компоненти/Хард-дискови и SSD,Toshiba,HDD 2TB Toshiba P300 5400rpm,,SE_54928,3529.0,0,1,,114,0,1,0,,,HDD 2TB Toshiba P300 5400rpm  128MB Cache SATA-3  6.0Gb/s  HDWD220UZSVA,,<div class="tab-content" id="tab-description" itemprop="description">HDD 2TB Toshiba P300 5400rpm<br> 128MB Cache SATA-3<br> 6.0Gb/s<br> HDWD220UZSVA </div>,54928_0-1000x1000.jpg,HDD-2TB-Toshiba-P300-5400rpm, 690,SE_54928,SE_54928,63,kategorijaID,HardDisk
Компјутерски компоненти/Хард-дискови и SSD,Kingston,Kingston 512G KC3000 PCIe 4.0 NVMe M.2 SSD,,SE_52298,3819.0,0,1,,102,0,1,0,,,Kingston 512G KC3000 PCIe 4.0 NVMe M.2 SSD  Fastest Flash You Can Get  Sequential Read: 7000MBps  Sequential Write: 3900MBps  SKC3000S/512G,,<div class="tab-content" id="tab-description" itemprop="description">Kingston 512G KC3000 PCIe 4.0 NVMe M.2 SSD<br> Fastest Flash You Can Get<br> Sequential Read: 7000MBps<br> Sequential Write: 3900MBps<br> SKC3000S/512G </div>,52298_0-1000x1000.jpg,Kingston-512G-KC3000-PCIe-4.0-NVMe-M.2-SSD, 720,SE_52298,SE_52298,34,kategorijaID,HardDisk
Компјутерски компоненти/Хард-дискови и SSD,Kingston,240GB HyperX SAVAGE SSD SATA 3 2.5 (7mm height),,SE_43744,3919.0,0,1,,3,0,1,0,,,240GB HyperX SAVAGE SSD SATA 3 2.5 (7mm height)  SHSS37A/240G,,<div class="tab-content" id="tab-description" itemprop="description">240GB HyperX SAVAGE SSD SATA 3 2.5 (7mm height)<br> SHSS37A/240G </div>,43744_0-1000x1000.jpg,240GB-HyperX-SAVAGE-SSD-SATA-3-2.5-(7mm-height), 720,SE_43744,SE_43744,34,kategorijaID,HardDisk
Компјутерски компоненти/Хард-дискови и SSD,XXX,ADATA 1TB SSD,,SE_48352,3919.0,0,1,,2,0,1,0,,,ADATA 1TB SSD  XPG SX8200 Pro PCIe Gen3x4 M.2 2280 Solid State Drive  R/W speed up to 3500/3000MB/s  ASX8200PNP-1TT-C,,<div class="tab-content" id="tab-description" itemprop="description">ADATA 1TB SSD<br> XPG SX8200 Pro PCIe Gen3x4 M.2 2280 Solid State Drive<br> R/W speed up to 3500/3000MB/s<br> ASX8200PNP-1TT-C </div>,48352_0-1000x1000.jpg,ADATA-1TB-SSD,1740,SE_48352,SE_48352,70,kategorijaID,HardDisk
Компјутерски компоненти/Хард-дискови и SSD,WesternDigital,HDD 2TB WesternDigital,,SE_53518,3919.0,0,1,,4,0,1,0,,,HDD 2TB WesternDigital  I.P. rpm  256MB Cache SATA-3  6.0Gb/s  Purple Surveillance  WD22PURZ,,<div class="tab-content" id="tab-description" itemprop="description">HDD 2TB WesternDigital<br> I.P. rpm<br> 256MB Cache SATA-3<br> 6.0Gb/s<br> Purple Surveillance<br> WD22PURZ </div>,53518_0-1000x1000.jpg,HDD-2TB-WesternDigital, 690,SE_53518,SE_53518,66,kategorijaID,HardDisk
Компјутерски компоненти/Хард-дискови и SSD,Kingston,Kingston 500GB M.2 PCIe NVMe SSD,,SE_48149,3919.0,0,1,,1,0,1,0,,,Kingston 500GB M.2 PCIe NVMe SSD  3D TLC NAND  Supports a full-security suite (TCG Opal 2.0  AES 256-bit  eDrive)  up to 3 200MB/s read  up to 2 200MB/s  write  SKC2000M8/500G,,<div class="tab-content" id="tab-description" itemprop="description">Kingston 500GB M.2 PCIe NVMe SSD<br> 3D TLC NAND<br> Supports a full-security suite (TCG Opal 2.0<br> AES 256-bit<br> eDrive)<br> up to 3<br>200MB/s read<br> up to 2<br>200MB/s<br> write<br> SKC2000M8/500G </div>,48149_0-1000x1000.jpg,Kingston-500GB-M.2-PCIe-NVMe-SSD, 720,SE_48149,SE_48149,34,kategorijaID,HardDisk
Компјутерски компоненти/Хард-дискови и SSD,Kingston,Kingston 512GB KC600 SATA 3 2.5" SSD,,SE_48680,3919.0,0,1,,133,0,1,0,,,Kingston 512GB KC600 SATA 3 2.5" SSD  Hardware-based self-encrypting drive with 3D TLC NAND  up to up to 550/520MB/s  SKC600/512G,,<div class="tab-content" id="tab-description" itemprop="description">Kingston 512GB KC600 SATA 3 2.5" SSD<br> Hardware-based self-encrypting drive with 3D TLC NAND<br> up to up to 550/520MB/s<br> SKC600/512G </div>,48680_0-1000x1000.jpg,Kingston-512GB-KC600-SATA-3-2.5"-SSD, 720,SE_48680,SE_48680,34,kategorijaID,HardDisk
Компјутерски компоненти/Хард-дискови и SSD,Kingston,Kingston 960GB A400 SSD SATA3,,SE_46474,3919.0,0,1,,119,0,1,0,,,Kingston 960GB A400 SSD SATA3  Form factor: 2 5"  Data Transfer: up to 500MB/s Read and 450MB/s Write  Dimensions: 100.0mm x 69.9mm x 7.0mm  Weight: 41g  SA400S37/960G,,<div class="tab-content" id="tab-description" itemprop="description">Kingston 960GB A400 SSD SATA3<br> Form factor: 2<br>5"<br> Data Transfer: up to 500MB/s Read and 450MB/s Write<br> Dimensions: 100.0mm x 69.9mm x 7.0mm<br> Weight: 41g<br> SA400S37/960G </div>,46474_0-1000x1000.jpg,Kingston-960GB-A400-SSD-SATA3, 720,SE_46474,SE_46474,34,kategorijaID,HardDisk
Компјутерски компоненти/Хард-дискови и SSD,Kingston,Kingston FURY Renegade 500 GB PCIe 4.0 NVMe M.2 SSDFURY Renegade SSD offers blazing speeds of up to,,SE_52302,3919.0,0,1,,8,0,1,0,,,Kingston FURY Renegade 500 GB PCIe 4.0 NVMe M.2 SSDFURY Renegade SSD offers blazing speeds of up to 7 300/7 000MB/s read/write (depends on size) and up to 1 000 000 IOPS (depends on size)  SFYRS/500G,,<div class="tab-content" id="tab-description" itemprop="description">Kingston FURY Renegade 500 GB PCIe 4.0 NVMe M.2 SSDFURY Renegade SSD offers blazing speeds of up to 7<br>300/7<br>000MB/s read/write (depends on size) and up to 1<br>000<br>000 IOPS (depends on size)<br> SFYRS/500G </div>,52302_0-1000x1000.jpg,Kingston-FURY-Renegade-500-GB-PCIe-4.0-NVMe-M.2-SSDFURY-Renegade-SSD-offers-blazing-speeds-of-up-to, 720,SE_52302,SE_52302,34,kategorijaID,HardDisk
Компјутерски компоненти/Хард-дискови и SSD,Samsung,SAMSUNG 250GB SSD 980 Pro M.2 PCI-E NVMe,,SE_50309,3919.0,0,1,,115,0,1,0,,,SAMSUNG 250GB SSD 980 Pro M.2 PCI-E NVMe  P/N: MZ-V8P250BW,,<div class="tab-content" id="tab-description" itemprop="description">SAMSUNG 250GB SSD 980 Pro M.2 PCI-E NVMe<br> P/N: MZ-V8P250BW </div>,50309_0-1000x1000.jpg,SAMSUNG-250GB-SSD-980-Pro-M.2-PCI-E-NVMe, 720,SE_50309,SE_50309,55,kategorijaID,HardDisk
Компјутерски компоненти/Хард-дискови и SSD,XXX,A-Data 512GB SSD,,SE_49250,4309.0,0,1,,2,0,1,0,,,A-Data 512GB SSD  XPG SX8100 512GB  3D NAND  NVMe Gen3x4 PCIe M.2 2280 Solid State Drive  R/W 3500/3000MB/s SSD  ASX8100NP-512GT-C,,<div class="tab-content" id="tab-description" itemprop="description">A-Data 512GB SSD<br> XPG SX8100 512GB<br> 3D NAND<br> NVMe Gen3x4 PCIe M.2 2280 Solid State Drive<br> R/W 3500/3000MB/s SSD<br> ASX8100NP-512GT-C </div>,49250_0-1000x1000.jpg,A-Data-512GB-SSD,1740,SE_49250,SE_49250,70,kategorijaID,HardDisk
Компјутерски компоненти/Хард-дискови и SSD,XXX,ADATA Falcon 1TB 3D NAND,,SE_49649,4409.0,0,1,,5,0,1,0,,,ADATA Falcon 1TB 3D NAND  PCIe Gen3x4 NVMe M.2 2280  Read/Write Speed up to 3100/1500 MB/s  Internal AFALCON-1T-C,,<div class="tab-content" id="tab-description" itemprop="description">ADATA Falcon 1TB 3D NAND<br> PCIe Gen3x4 NVMe M.2 2280<br> Read/Write Speed up to 3100/1500 MB/s<br> Internal<br>AFALCON-1T-C </div>,49649_0-1000x1000.jpg,ADATA-Falcon-1TB-3D-NAND,1050,SE_49649,SE_49649,70,kategorijaID,HardDisk
Компјутерски компоненти/Хард-дискови и SSD,XXX,ADATA 1TB SSD,,SE_50498,4409.0,0,1,,2,0,1,0,,,ADATA 1TB SSD  S20  RGB  PCIe Gen3x4 M.2 2280 SSD  Read speed (sequential): 2500 MB/s  Write speed (sequential): 1800 MB/s  ASPECTRIXS20G-1T-C,,<div class="tab-content" id="tab-description" itemprop="description">ADATA 1TB SSD<br> S20<br> RGB<br> PCIe Gen3x4 M.2 2280 SSD<br> Read speed (sequential): 2500 MB/s<br> Write speed (sequential): 1800 MB/s<br> ASPECTRIXS20G-1T-C </div>,50498_0-1000x1000.jpg,ADATA-1TB-SSD,1740,SE_50498,SE_50498,70,kategorijaID,HardDisk
Компјутерски компоненти/Хард-дискови и SSD,XXX,ADATA LEGEND 960 1000GB PCIe Gen3 x4 M.2 2280 Solid State Drive,,SE_55844,4509.0,0,1,,108,0,1,0,,,ADATA LEGEND 960 1000GB PCIe Gen3 x4 M.2 2280 Solid State Drive  Sequential Read (Max) Up to 7 400MB/s*  Sequential Write (Max) Up to 6 400MB/s*  4KB Random Read IOPS(Max) Up to 750K*  MTBF 1 500 000 hours  Terabytes Written (TBW) 3120TB**  ALEG-960M-1TCS,,<div class="tab-content" id="tab-description" itemprop="description">ADATA LEGEND 960 1000GB PCIe Gen3 x4 M.2 2280 Solid State Drive<br> Sequential Read (Max) Up to 7<br>400MB/s*<br> Sequential Write (Max) Up to 6<br>400MB/s*<br> 4KB Random Read IOPS(Max) Up to 750K*<br> MTBF 1<br>500<br>000 hours<br> Terabytes Written (TBW) 3120TB**<br> ALEG-960M-1TCS </div>,55844_0-1000x1000.jpg,ADATA-LEGEND-960-1000GB-PCIe-Gen3-x4-M.2-2280-Solid-State-Drive,1050,SE_55844,SE_55844,70,kategorijaID,HardDisk
Компјутерски компоненти/Хард-дискови и SSD,Kingston,Kingston 1000GB NV1 NVMe PCIe SSD read / write,,SE_50640,4509.0,0,1,,1,0,1,0,,,Kingston 1000GB NV1 NVMe PCIe SSD read/write  speeds up to 2 100/1 700MB/s  M.2 connector  SNVS/1000G,,<div class="tab-content" id="tab-description" itemprop="description">Kingston 1000GB NV1 NVMe PCIe SSD read/write<br> speeds up to 2<br>100/1<br>700MB/s<br> M.2 connector<br> SNVS/1000G </div>,50640_0-1000x1000.jpg,Kingston-1000GB-NV1-NVMe-PCIe-SSD-read-/-write, 720,SE_50640,SE_50640,34,kategorijaID,HardDisk
Компјутерски компоненти/Хард-дискови и SSD,Toshiba,HDD 3TB Toshiba P300 7200rpm,,SE_48344,4609.0,0,1,,117,0,1,0,,,HDD 3TB Toshiba P300 7200rpm  64MB Cache SATA-3  6.0Gb/s  HDWD130UZSVA,,<div class="tab-content" id="tab-description" itemprop="description">HDD 3TB Toshiba P300 7200rpm<br> 64MB Cache SATA-3<br> 6.0Gb/s<br> HDWD130UZSVA </div>,48344_0-1000x1000.jpg,HDD-3TB-Toshiba-P300-7200rpm, 690,SE_48344,SE_48344,63,kategorijaID,HardDisk
Компјутерски компоненти/Хард-дискови и SSD,XXX,ADATA Swordfish 1TB 3D NAND,,SE_49646,4699.0,0,1,,2,0,1,0,,,ADATA Swordfish 1TB 3D NAND  PCIe Gen3x4  NVMe M.2 2280  Read/Write up to 1800/1200MB/s  Internal  ASWORDFISH-1T-C,,<div class="tab-content" id="tab-description" itemprop="description">ADATA Swordfish 1TB 3D NAND<br> PCIe Gen3x4<br> NVMe M.2 2280<br> Read/Write up to 1800/1200MB/s<br> Internal<br> ASWORDFISH-1T-C </div>,49646_0-1000x1000.jpg,ADATA-Swordfish-1TB-3D-NAND,1050,SE_49646,SE_49646,70,kategorijaID,HardDisk
Компјутерски компоненти/Хард-дискови и SSD,Samsung,SAMSUNG 870 QVO SATA3 1TB,,SE_49829,4789.0,0,1,,3,0,1,0,,,SAMSUNG 870 QVO SATA3 1TB  P/N: MZ-77Q1T0BW,,<div class="tab-content" id="tab-description" itemprop="description">SAMSUNG 870 QVO SATA3 1TB<br> P/N: MZ-77Q1T0BW </div>,49829_0-1000x1000.jpg,SAMSUNG-870-QVO-SATA3-1TB, 720,SE_49829,SE_49829,55,kategorijaID,HardDisk
Компјутерски компоненти/Хард-дискови и SSD,Kingston,Kingston XS2000 Portable SSD 500GB,,SE_51868,4799.0,0,1,,19,0,1,0,,,Kingston XS2000 Portable SSD 500GB  High-performance external drive  Speeds up to 2 000MB/s1 with USB 3.2 Gen 2x2  Compact  pocket-sized form factor  IP55 rating4 with removable rubber sleeve  SXS2000/500G,,<div class="tab-content" id="tab-description" itemprop="description">Kingston XS2000 Portable SSD 500GB<br> High-performance external drive<br> Speeds up to 2<br>000MB/s1 with USB 3.2 Gen 2x2<br> Compact<br> pocket-sized form factor<br> IP55 rating4 with removable rubber sleeve<br> SXS2000/500G </div>,51868_0-1000x1000.jpg,Kingston-XS2000-Portable-SSD-500GB, 720,SE_51868,SE_51868,34,kategorijaID,HardDisk
Компјутерски компоненти/Хард-дискови и SSD,XXX,A-Data 1TB SSD,,SE_50607,4899.0,0,1,,2,0,1,0,,,A-Data 1TB SSD  XPG SX6000 Lite PCIe Gen3x4 M.2 2280 Solid State Drive  PCIe NVMe 1.3 interface  R/W speed up to 1800/1200MB/s  ASX6000LNP-1TT-C,,<div class="tab-content" id="tab-description" itemprop="description">A-Data 1TB SSD<br> XPG SX6000 Lite PCIe Gen3x4 M.2 2280 Solid State Drive<br> PCIe NVMe 1.3 interface<br> R/W speed up to 1800/1200MB/s<br> ASX6000LNP-1TT-C </div>,50607_0-1000x1000.jpg,A-Data-1TB-SSD,1740,SE_50607,SE_50607,70,kategorijaID,HardDisk
Компјутерски компоненти/Хард-дискови и SSD,XXX,ADATA 1TB SSD,,SE_51563,4899.0,0,1,,125,0,1,0,,,ADATA 1TB SSD  S11 Pro  PCIe Gen3x4 M.2 2280 Solid State Drive  Remains Cool at Blazing Speeds : Read/write speeds of up to 3500/3000MB/s  AGAMMIXS11P-1TT-C,,<div class="tab-content" id="tab-description" itemprop="description">ADATA 1TB SSD<br> S11 Pro<br> PCIe Gen3x4 M.2 2280 Solid State Drive<br> Remains Cool at Blazing Speeds : Read/write speeds of up to 3500/3000MB/s<br> AGAMMIXS11P-1TT-C </div>,51563_0-1000x1000.jpg,ADATA-1TB-SSD,1740,SE_51563,SE_51563,70,kategorijaID,HardDisk
Компјутерски компоненти/Хард-дискови и SSD,Samsung,SAMSUNG SSD 870 EVO SATA3 1TB,,SE_51579,4899.0,0,1,,3,0,1,0,,,SAMSUNG SSD 870 EVO SATA3 1TB  P/N: MZ-77E1T0B/EU,,<div class="tab-content" id="tab-description" itemprop="description">SAMSUNG SSD 870 EVO SATA3 1TB<br> P/N: MZ-77E1T0B/EU </div>,51579_0-1000x1000.jpg,SAMSUNG-SSD-870-EVO-SATA3-1TB, 720,SE_51579,SE_51579,55,kategorijaID,HardDisk
Компјутерски компоненти/Хард-дискови и SSD,Samsung,SAMSUNG 1TB SSD 980 M.2 Gen3.0x4 NVMe,,SE_52710,5099.0,0,1,,113,0,1,0,,,SAMSUNG 1TB SSD 980 M.2 Gen3.0x4 NVMe  MZ−V8V1T0BW,,<div class="tab-content" id="tab-description" itemprop="description">SAMSUNG 1TB SSD 980 M.2 Gen3.0x4 NVMe<br> MZ−V8V1T0BW </div>,52710_0-1000x1000.jpg,SAMSUNG-1TB-SSD-980-M.2-Gen3.0x4-NVMe, 720,SE_52710,SE_52710,55,kategorijaID,HardDisk
Компјутерски компоненти/Хард-дискови и SSD,XXX,ADATA 1TB SSD,,SE_50440,5489.0,0,1,,103,0,1,0,,,ADATA 1TB SSD  S70  PCIe Gen4x4 M.2 2280 SSD  blazing-fast read/write speeds of up to 7400/6400 MB per second  AGAMMIXS70-1T-C,,<div class="tab-content" id="tab-description" itemprop="description">ADATA 1TB SSD<br> S70<br> PCIe Gen4x4 M.2 2280 SSD<br> blazing-fast read/write speeds of up to 7400/6400 MB per second<br> AGAMMIXS70-1T-C </div>,50440_0-1000x1000.jpg,ADATA-1TB-SSD,1740,SE_50440,SE_50440,70,kategorijaID,HardDisk
Компјутерски компоненти/Хард-дискови и SSD,Samsung,SAMSUNG 500GB SSD 980 Pro M.2 PCI-E NVMe,,SE_50308,5489.0,0,1,,14,0,1,0,,,SAMSUNG 500GB SSD 980 Pro M.2 PCI-E NVMe  P/N: MZ-V8P500BW,,<div class="tab-content" id="tab-description" itemprop="description">SAMSUNG 500GB SSD 980 Pro M.2 PCI-E NVMe<br> P/N: MZ-V8P500BW </div>,50308_0-1000x1000.jpg,SAMSUNG-500GB-SSD-980-Pro-M.2-PCI-E-NVMe, 720,SE_50308,SE_50308,55,kategorijaID,HardDisk
Компјутерски компоненти/Хард-дискови и SSD,Kingston,Kingston 1024G KC3000 PCIe 4.0 NVMe M.2 SSD,,SE_52299,5779.0,0,1,,104,0,1,0,,,Kingston 1024G KC3000 PCIe 4.0 NVMe M.2 SSD  Fastest Flash You Can Get  Sequential Read: 7000MBps  Sequential Write: 6000MBps  SKC3000S/1024G,,<div class="tab-content" id="tab-description" itemprop="description">Kingston 1024G KC3000 PCIe 4.0 NVMe M.2 SSD<br> Fastest Flash You Can Get<br> Sequential Read: 7000MBps<br> Sequential Write: 6000MBps<br> SKC3000S/1024G </div>,52299_0-1000x1000.jpg,Kingston-1024G-KC3000-PCIe-4.0-NVMe-M.2-SSD, 720,SE_52299,SE_52299,34,kategorijaID,HardDisk
Компјутерски компоненти/Хард-дискови и SSD,Kingston,Kingston FURY Renegade 1000 GB PCIe 4.0 NVMe M.2 SSDFURY Renegade SSD offers blazing speeds of up to,,SE_52303,5779.0,0,1,,104,0,1,0,,,Kingston FURY Renegade 1000 GB PCIe 4.0 NVMe M.2 SSDFURY Renegade SSD offers blazing speeds of up to 7 300/7 000MB/s read/write (depends on size) and up to 1 000 000 IOPS (depends on size)  SFYRS/1000G,,<div class="tab-content" id="tab-description" itemprop="description">Kingston FURY Renegade 1000 GB PCIe 4.0 NVMe M.2 SSDFURY Renegade SSD offers blazing speeds of up to 7<br>300/7<br>000MB/s read/write (depends on size) and up to 1<br>000<br>000 IOPS (depends on size)<br> SFYRS/1000G </div>,52303_0-1000x1000.jpg,Kingston-FURY-Renegade-1000-GB-PCIe-4.0-NVMe-M.2-SSDFURY-Renegade-SSD-offers-blazing-speeds-of-up-to, 720,SE_52303,SE_52303,34,kategorijaID,HardDisk
Компјутерски компоненти/Хард-дискови и SSD,Samsung,SAMSUNG 1TB SSD 970 EVO Plus M.2 PCI-E NVMe,,SE_47865,5879.0,0,1,,9,0,1,0,,,SAMSUNG 1TB SSD 970 EVO Plus M.2 PCI-E NVMe  P/N: MZ-V7S1T0BW,,<div class="tab-content" id="tab-description" itemprop="description">SAMSUNG 1TB SSD 970 EVO Plus M.2 PCI-E NVMe<br> P/N: MZ-V7S1T0BW </div>,47865_0-1000x1000.jpg,SAMSUNG-1TB-SSD-970-EVO-Plus-M.2-PCI-E-NVMe, 720,SE_47865,SE_47865,55,kategorijaID,HardDisk
Компјутерски компоненти/Хард-дискови и SSD,WesternDigital,HDD 4TB WesternDigital,,SE_54996,6079.0,0,1,,0,0,1,0,,,HDD 4TB WesternDigital  I.P. rpm  64MB Cache SATA-3  6.0Gb/s  Purple Surveillance WD42PURZ,,<div class="tab-content" id="tab-description" itemprop="description">HDD 4TB WesternDigital<br> I.P. rpm<br> 64MB Cache SATA-3<br> 6.0Gb/s<br> Purple Surveillance<br>WD42PURZ </div>,54996_0-1000x1000.jpg,HDD-4TB-WesternDigital, 690,SE_54996,SE_54996,66,kategorijaID,HardDisk
Компјутерски компоненти/Хард-дискови и SSD,Kingston,Kingston HyperX Fury 480GB SSD SATA 3 2.5,,SE_45343,6169.0,0,1,,4,0,1,0,,,Kingston HyperX Fury 480GB SSD SATA 3 2.5  SHFS37A/480G,,<div class="tab-content" id="tab-description" itemprop="description">Kingston HyperX Fury 480GB SSD SATA 3 2.5<br> SHFS37A/480G </div>,45343_0-1000x1000.jpg,Kingston-HyperX-Fury-480GB-SSD-SATA-3-2.5, 720,SE_45343,SE_45343,34,kategorijaID,HardDisk
Компјутерски компоненти/Хард-дискови и SSD,WesternDigital,HDD 4TB WesternDigital,,SE_45379,6269.0,0,1,,1,0,1,0,,,HDD 4TB WesternDigital  I.P. rpm  64MB Cache SATA-3  6.0Gb/s  Purple Surveillance  WD40PURZ,,<div class="tab-content" id="tab-description" itemprop="description">HDD 4TB WesternDigital<br> I.P. rpm<br> 64MB Cache SATA-3<br> 6.0Gb/s<br> Purple Surveillance<br> WD40PURZ </div>,45379_0-1000x1000.jpg,HDD-4TB-WesternDigital, 690,SE_45379,SE_45379,66,kategorijaID,HardDisk
Компјутерски компоненти/Хард-дискови и SSD,WesternDigital,HDD 4TB WesternDigital,,SE_50849,6369.0,0,1,,4,0,1,0,,,HDD 4TB WesternDigital  I.P. rpm  64MB Cache SATA-3  6.0Gb/s  NAS Red  WD40EFZX,,<div class="tab-content" id="tab-description" itemprop="description">HDD 4TB WesternDigital<br> I.P. rpm<br> 64MB Cache SATA-3<br> 6.0Gb/s<br> NAS Red<br> WD40EFZX </div>,50849_0-1000x1000.jpg,HDD-4TB-WesternDigital, 690,SE_50849,SE_50849,66,kategorijaID,HardDisk
Компјутерски компоненти/Хард-дискови и SSD,XXX,A-Data 1024GB SSD,,SE_50403,6469.0,0,1,,8,0,1,0,,,A-Data 1024GB SSD  SU800 SATA 6Gb/s M.2 2280 Solid State Drive  R/W speed up to 560/520MB/s  ASU800NS38-1TT-C,,<div class="tab-content" id="tab-description" itemprop="description">A-Data 1024GB SSD<br> SU800 SATA 6Gb/s M.2 2280 Solid State Drive<br> R/W speed up to 560/520MB/s<br> ASU800NS38-1TT-C </div>,50403_0-1000x1000.jpg,A-Data-1024GB-SSD,1050,SE_50403,SE_50403,70,kategorijaID,HardDisk
Компјутерски компоненти/Хард-дискови и SSD,Kingston,480GB HyperX SAVAGE SSD SATA 3 2.5 (7mm height),,SE_44196,6859.0,0,1,,103,0,1,0,,,480GB HyperX SAVAGE SSD SATA 3 2.5 (7mm height)  SHSS37A/480G,,<div class="tab-content" id="tab-description" itemprop="description">480GB HyperX SAVAGE SSD SATA 3 2.5 (7mm height)<br> SHSS37A/480G </div>,44196_0-1000x1000.jpg,480GB-HyperX-SAVAGE-SSD-SATA-3-2.5-(7mm-height), 720,SE_44196,SE_44196,34,kategorijaID,HardDisk
Компјутерски компоненти/Хард-дискови и SSD,Kingston,Kingston 2000GB NV2 NVMe PCIe SSD,,SE_54998,6859.0,0,1,,4,0,1,0,,,Kingston 2000GB NV2 NVMe PCIe SSD  read/write speeds up to 3.500/2.100MB/s  M.2 connector  PCIe 4.0 x4 NVMe Interface  M.2 2280 Form Factor  SNV2S/2000G,,<div class="tab-content" id="tab-description" itemprop="description">Kingston 2000GB NV2 NVMe PCIe SSD<br> read/write speeds up to 3.500/2.100MB/s<br> M.2 connector<br> PCIe 4.0 x4 NVMe Interface<br> M.2 2280 Form Factor<br> SNV2S/2000G </div>,54998_0-1000x1000.jpg,Kingston-2000GB-NV2-NVMe-PCIe-SSD, 720,SE_54998,SE_54998,34,kategorijaID,HardDisk
Компјутерски компоненти/Хард-дискови и SSD,Samsung,SAMSUNG 1TB SSD 980 Pro M.2 PCI-E NVMe,,SE_50399,6859.0,0,1,,6,0,1,0,,,SAMSUNG 1TB SSD 980 Pro M.2 PCI-E NVMe  P/N: MZ-V8P1T0BW,,<div class="tab-content" id="tab-description" itemprop="description">SAMSUNG 1TB SSD 980 Pro M.2 PCI-E NVMe<br> P/N: MZ-V8P1T0BW </div>,50399_0-1000x1000.jpg,SAMSUNG-1TB-SSD-980-Pro-M.2-PCI-E-NVMe, 720,SE_50399,SE_50399,55,kategorijaID,HardDisk
Компјутерски компоненти/Хард-дискови и SSD,Kingston,Kingston 2000GB NV1 NVMe PCIe SSD read / write,,SE_50641,7149.0,0,1,,2,0,1,0,,,Kingston 2000GB NV1 NVMe PCIe SSD read/write  speeds up to 2 100/1 700MB/s  M.2 connector  SNVS/2000G,,<div class="tab-content" id="tab-description" itemprop="description">Kingston 2000GB NV1 NVMe PCIe SSD read/write<br> speeds up to 2<br>100/1<br>700MB/s<br> M.2 connector<br> SNVS/2000G </div>,50641_0-1000x1000.jpg,Kingston-2000GB-NV1-NVMe-PCIe-SSD-read-/-write, 720,SE_50641,SE_50641,34,kategorijaID,HardDisk
Компјутерски компоненти/Хард-дискови и SSD,Kingston,Kingston 960GB PCIe NVMe SSD (M.2 2280),,SE_46341,7349.0,0,1,,1,0,1,0,,,Kingston 960GB PCIe NVMe SSD (M.2 2280)  Medium-Level PCI NVMe performance  up to 1500MB/s read  up to 1000MB/s write  SA1000M8/960G,,<div class="tab-content" id="tab-description" itemprop="description">Kingston 960GB PCIe NVMe SSD (M.2 2280)<br> Medium-Level PCI NVMe performance<br> up to 1500MB/s read<br> up to 1000MB/s write<br> SA1000M8/960G </div>,46341_0-1000x1000.jpg,Kingston-960GB-PCIe-NVMe-SSD-(M.2-2280), 720,SE_46341,SE_46341,34,kategorijaID,HardDisk
Компјутерски компоненти/Хард-дискови и SSD,XXX,ADATA 2TB SSD,,SE_51564,7349.0,0,1,,111,0,1,0,,,ADATA 2TB SSD  S11 Pro  PCIe Gen3x4 M.2 2280 Solid State Drive  Remains Cool at Blazing Speeds : Read/write speeds of up to 3500/3000MB/s  AGAMMIXS11P-2TT-C,,<div class="tab-content" id="tab-description" itemprop="description">ADATA 2TB SSD<br> S11 Pro<br> PCIe Gen3x4 M.2 2280 Solid State Drive<br> Remains Cool at Blazing Speeds : Read/write speeds of up to 3500/3000MB/s<br> AGAMMIXS11P-2TT-C </div>,51564_0-1000x1000.jpg,ADATA-2TB-SSD,1740,SE_51564,SE_51564,70,kategorijaID,HardDisk
Компјутерски компоненти/Хард-дискови и SSD,Kingston,Kingston 1024GB KC600 SATA 3 2.5" SSD,,SE_50231,7449.0,0,1,,11,0,1,0,,,Kingston 1024GB KC600 SATA 3 2.5" SSD  Hardware-based self-encrypting drive with 3D TLC NAND  up to up to 550/520MB/s  SKC600/1024G,,<div class="tab-content" id="tab-description" itemprop="description">Kingston 1024GB KC600 SATA 3 2.5" SSD<br> Hardware-based self-encrypting drive with 3D TLC NAND<br> up to up to 550/520MB/s<br> SKC600/1024G </div>,50231_0-1000x1000.jpg,Kingston-1024GB-KC600-SATA-3-2.5"-SSD, 720,SE_50231,SE_50231,34,kategorijaID,HardDisk
Компјутерски компоненти/Хард-дискови и SSD,XXX,A-Data 1TBGB SSD,,SE_49251,7839.0,0,1,,2,0,1,0,,,A-Data 1TBGB SSD  XPG SX8100 1TB  3D NAND  NVMe Gen3x4 PCIe M.2 2280 Solid State Drive  R/W 3500/3000MB/S SSD  ASX8100NP-1TT-C,,<div class="tab-content" id="tab-description" itemprop="description">A-Data 1TBGB SSD<br> XPG SX8100 1TB<br> 3D NAND<br> NVMe Gen3x4 PCIe M.2 2280 Solid State Drive<br> R/W 3500/3000MB/S SSD<br> ASX8100NP-1TT-C </div>,49251_0-1000x1000.jpg,A-Data-1TBGB-SSD,1740,SE_49251,SE_49251,70,kategorijaID,HardDisk
Компјутерски компоненти/Хард-дискови и SSD,XXX,ADATA LEGEND 960 2000GB PCIe Gen3 x4 M.2 2280 Solid State Drive,,SE_55845,7839.0,0,1,,102,0,1,0,,,ADATA LEGEND 960 2000GB PCIe Gen3 x4 M.2 2280 Solid State Drive  Sequential Read (Max) Up to 7 400MB/s*  Sequential Write (Max) Up to 6 400MB/s*  4KB Random Read IOPS(Max) Up to 750K*  MTBF 1 500 000 hours  Terabytes Written (TBW) 3120TB**  ALEG-960M-2TCS,,<div class="tab-content" id="tab-description" itemprop="description">ADATA LEGEND 960 2000GB PCIe Gen3 x4 M.2 2280 Solid State Drive<br> Sequential Read (Max) Up to 7<br>400MB/s*<br> Sequential Write (Max) Up to 6<br>400MB/s*<br> 4KB Random Read IOPS(Max) Up to 750K*<br> MTBF 1<br>500<br>000 hours<br> Terabytes Written (TBW) 3120TB**<br> ALEG-960M-2TCS </div>,55845_0-1000x1000.jpg,ADATA-LEGEND-960-2000GB-PCIe-Gen3-x4-M.2-2280-Solid-State-Drive,1050,SE_55845,SE_55845,70,kategorijaID,HardDisk
Компјутерски компоненти/Хард-дискови и SSD,Kingston,Kingston XS2000 Portable SSD 1000GB,,SE_51869,8129.0,0,1,,113,0,1,0,,,Kingston XS2000 Portable SSD 1000GB  High-performance external drive  Speeds up to 2 000MB/s1 with USB 3.2 Gen 2x2  Compact  pocket-sized form factor  IP55 rating4 with removable rubber sleeve  SXS2000/1000G,,<div class="tab-content" id="tab-description" itemprop="description">Kingston XS2000 Portable SSD 1000GB<br> High-performance external drive<br> Speeds up to 2<br>000MB/s1 with USB 3.2 Gen 2x2<br> Compact<br> pocket-sized form factor<br> IP55 rating4 with removable rubber sleeve<br> SXS2000/1000G </div>,51869_0-1000x1000.jpg,Kingston-XS2000-Portable-SSD-1000GB, 720,SE_51869,SE_51869,34,kategorijaID,HardDisk
Компјутерски компоненти/Хард-дискови и SSD,XXX,ADATA 2TB SSD,,SE_50602,8819.0,0,1,,122,0,1,0,,,ADATA 2TB SSD  XPG SX8200 Pro PCIe Gen3x4 M.2 2280 Solid State Drive  R/W speed up to 3500/3000MB/s  ASX8200PNP-2TT-C,,<div class="tab-content" id="tab-description" itemprop="description">ADATA 2TB SSD<br> XPG SX8200 Pro PCIe Gen3x4 M.2 2280 Solid State Drive<br> R/W speed up to 3500/3000MB/s<br> ASX8200PNP-2TT-C </div>,50602_0-1000x1000.jpg,ADATA-2TB-SSD,1740,SE_50602,SE_50602,70,kategorijaID,HardDisk
Компјутерски компоненти/Хард-дискови и SSD,Kingston,Kingston 1920GB A400 SSD SATA3,,SE_48818,9109.0,0,1,,0,0,1,0,,,Kingston 1920GB A400 SSD SATA3  Form factor: 2 5"  Data Transfer: up to 500MB/s Read and 450MB/s Write  Dimensions: 100.0mm x 69.9mm x 7.0mm  Weight: 41g  SA400S37/1920G,,<div class="tab-content" id="tab-description" itemprop="description">Kingston 1920GB A400 SSD SATA3<br> Form factor: 2<br>5"<br> Data Transfer: up to 500MB/s Read and 450MB/s Write<br> Dimensions: 100.0mm x 69.9mm x 7.0mm<br> Weight: 41g<br> SA400S37/1920G </div>,48818_0-1000x1000.jpg,Kingston-1920GB-A400-SSD-SATA3, 720,SE_48818,SE_48818,34,kategorijaID,HardDisk
Компјутерски компоненти/Хард-дискови и SSD,Samsung,SAMSUNG 1TB SSD 990 Pro M.2 PCI-E NVMe,,SE_55234,9309.0,0,1,,107,0,1,0,,,SAMSUNG 1TB SSD 990 Pro M.2 PCI-E NVMe  NVMeMZ−V9P1T0BW,,<div class="tab-content" id="tab-description" itemprop="description">SAMSUNG 1TB SSD 990 Pro M.2 PCI-E NVMe<br> NVMeMZ−V9P1T0BW </div>,55234_0-1000x1000.jpg,SAMSUNG-1TB-SSD-990-Pro-M.2-PCI-E-NVMe, 720,SE_55234,SE_55234,55,kategorijaID,HardDisk
Компјутерски компоненти/Хард-дискови и SSD,XXX,ADATA 2TB SSD,,SE_50441,9799.0,0,1,,113,0,1,0,,,ADATA 2TB SSD  S70  PCIe Gen4x4 M.2 2280 SSD  blazing-fast read/write speeds of up to 7400/6400 MB per second  AGAMMIXS70-2T-C,,<div class="tab-content" id="tab-description" itemprop="description">ADATA 2TB SSD<br> S70<br> PCIe Gen4x4 M.2 2280 SSD<br> blazing-fast read/write speeds of up to 7400/6400 MB per second<br> AGAMMIXS70-2T-C </div>,50441_0-1000x1000.jpg,ADATA-2TB-SSD,1740,SE_50441,SE_50441,70,kategorijaID,HardDisk
Компјутерски компоненти/Хард-дискови и SSD,Kingston,Kingston FURY Renegade 2000 GB PCIe 4.0 NVMe M.2 SSDFURY Renegade SSD offers blazing speeds of up to,,SE_52304,10779.0,0,1,,100,0,1,0,,,Kingston FURY Renegade 2000 GB PCIe 4.0 NVMe M.2 SSDFURY Renegade SSD offers blazing speeds of up to 7 300/7 000MB/s read/write (depends on size) and up to 1 000 000 IOPS (depends on size)  SFYRD/2000G,,<div class="tab-content" id="tab-description" itemprop="description">Kingston FURY Renegade 2000 GB PCIe 4.0 NVMe M.2 SSDFURY Renegade SSD offers blazing speeds of up to 7<br>300/7<br>000MB/s read/write (depends on size) and up to 1<br>000<br>000 IOPS (depends on size)<br> SFYRD/2000G </div>,52304_0-1000x1000.jpg,Kingston-FURY-Renegade-2000-GB-PCIe-4.0-NVMe-M.2-SSDFURY-Renegade-SSD-offers-blazing-speeds-of-up-to, 720,SE_52304,SE_52304,34,kategorijaID,HardDisk
Компјутерски компоненти/Хард-дискови и SSD,Samsung,SAMSUNG 2TB SSD 980 Pro M.2 PCI-E NVMe,,SE_50733,11269.0,0,1,,0,0,1,0,,,SAMSUNG 2TB SSD 980 Pro M.2 PCI-E NVMe  P/N: MZ-V8P2T0BW,,<div class="tab-content" id="tab-description" itemprop="description">SAMSUNG 2TB SSD 980 Pro M.2 PCI-E NVMe<br> P/N: MZ-V8P2T0BW </div>,50733_0-1000x1000.jpg,SAMSUNG-2TB-SSD-980-Pro-M.2-PCI-E-NVMe, 720,SE_50733,SE_50733,55,kategorijaID,HardDisk
Компјутерски компоненти/Хард-дискови и SSD,Kingston,Kingston 2048G KC3000 PCIe 4.0 NVMe M.2 SSD,,SE_52300,12249.0,0,1,,4,0,1,0,,,Kingston 2048G KC3000 PCIe 4.0 NVMe M.2 SSD  Fastest Flash You Can Get  Sequential Read: 7000MBps  Sequential Write: 7000MBps  SKC3000D/2048G,,<div class="tab-content" id="tab-description" itemprop="description">Kingston 2048G KC3000 PCIe 4.0 NVMe M.2 SSD<br> Fastest Flash You Can Get<br> Sequential Read: 7000MBps<br> Sequential Write: 7000MBps<br> SKC3000D/2048G </div>,52300_0-1000x1000.jpg,Kingston-2048G-KC3000-PCIe-4.0-NVMe-M.2-SSD, 720,SE_52300,SE_52300,34,kategorijaID,HardDisk
Компјутерски компоненти/Хард-дискови и SSD,Seagate,HDD 8TB WesternDigital Purple Surveillance,,SE_50752,12739.0,0,1,,2,0,1,0,,,HDD 8TB WesternDigital Purple Surveillance  128MB Cache  WD84PURZ,,<div class="tab-content" id="tab-description" itemprop="description">HDD 8TB WesternDigital Purple Surveillance<br> 128MB Cache<br> WD84PURZ </div>,50752_0-1000x1000.jpg,HDD-8TB-WesternDigital-Purple-Surveillance, 690,SE_50752,SE_50752,57,kategorijaID,HardDisk
Компјутерски компоненти/Хард-дискови и SSD,Kingston,Kingston XS2000 Portable SSD 2000GB,,SE_51870,13719.0,0,1,,102,0,1,0,,,Kingston XS2000 Portable SSD 2000GB  High-performance external drive  Speeds up to 2 000MB/s1 with USB 3.2 Gen 2x2  Compact  pocket-sized form factor  IP55 rating4 with removable rubber sleeve  SXS2000/2000G,,<div class="tab-content" id="tab-description" itemprop="description">Kingston XS2000 Portable SSD 2000GB<br> High-performance external drive<br> Speeds up to 2<br>000MB/s1 with USB 3.2 Gen 2x2<br> Compact<br> pocket-sized form factor<br> IP55 rating4 with removable rubber sleeve<br> SXS2000/2000G </div>,51870_0-1000x1000.jpg,Kingston-XS2000-Portable-SSD-2000GB, 720,SE_51870,SE_51870,34,kategorijaID,HardDisk
Компјутерски компоненти/Хард-дискови и SSD,Seagate,HDD 10TB WesternDigital Red NAS,,SE_50747,15679.0,0,1,,103,0,1,0,,,HDD 10TB WesternDigital Red NAS  256MB Cache  WD101EFBX,,<div class="tab-content" id="tab-description" itemprop="description">HDD 10TB WesternDigital Red NAS<br> 256MB Cache<br> WD101EFBX </div>,50747_0-1000x1000.jpg,HDD-10TB-WesternDigital-Red-NAS, 690,SE_50747,SE_50747,57,kategorijaID,HardDisk
Компјутерски компоненти/Хард-дискови и SSD,Samsung,SAMSUNG 2TB SSD 970 EVO Plus M.2 PCI-E NVMe,,SE_50734,15679.0,0,1,,5,0,1,0,,,SAMSUNG 2TB SSD 970 EVO Plus M.2 PCI-E NVMe  P/N: MZ-V7S2T0BW,,<div class="tab-content" id="tab-description" itemprop="description">SAMSUNG 2TB SSD 970 EVO Plus M.2 PCI-E NVMe<br> P/N: MZ-V7S2T0BW </div>,50734_0-1000x1000.jpg,SAMSUNG-2TB-SSD-970-EVO-Plus-M.2-PCI-E-NVMe, 720,SE_50734,SE_50734,55,kategorijaID,HardDisk
Компјутерски компоненти/Хард-дискови и SSD,Seagate,HDD 10TB WesternDigital Purple Pro,,SE_55252,17149.0,0,1,,103,0,1,0,,,HDD 10TB WesternDigital Purple Pro 256MB Cache  WD101PURP WD Purple Pro Sata-3 256MB Surveillance,,<div class="tab-content" id="tab-description" itemprop="description">HDD 10TB WesternDigital Purple Pro<br>256MB Cache<br> WD101PURP WD Purple Pro Sata-3 256MB Surveillance </div>,55252_0-1000x1000.jpg,HDD-10TB-WesternDigital-Purple-Pro, 690,SE_55252,SE_55252,57,kategorijaID,HardDisk
Компјутерски компоненти/Хард-дискови и SSD,WesternDigital,HDD 16TB Seagate One Touch Hub,,SE_55762,20579.0,0,1,,4,0,1,0,,,HDD 16TB Seagate One Touch Hub  PN:STLC16000400,,<div class="tab-content" id="tab-description" itemprop="description">HDD 16TB Seagate One Touch Hub<br> PN:STLC16000400 </div>,55762_0-1000x1000.jpg,HDD-16TB-Seagate-One-Touch-Hub, 690,SE_55762,SE_55762,66,kategorijaID,HardDisk
Компјутерски компоненти/Хард-дискови и SSD,XXX,ADATA SPECTRIX S40G 4TB RGB,,SE_49653,23519.0,0,1,,2,0,1,0,,,ADATA SPECTRIX S40G 4TB RGB  PCIe Gen3x4 M.2 2280 SSD  AS40G-4TT-C,,<div class="tab-content" id="tab-description" itemprop="description">ADATA SPECTRIX S40G 4TB RGB<br> PCIe Gen3x4 M.2 2280 SSD<br> AS40G-4TT-C </div>,49653_0-1000x1000.jpg,ADATA-SPECTRIX-S40G-4TB-RGB,1050,SE_49653,SE_49653,70,kategorijaID,HardDisk
